{
    "train": {
        "mse": 0.05876658856868744
    },
    "epoch": 5,
    "step": 1199,
    "val": {
        "mse": 0.06084694713354111
    }
}
