{
    "train": {
        "mse": 0.05645965784788132
    },
    "epoch": 5,
    "step": 1199,
    "val": {
        "mse": 0.05890665203332901
    }
}
