{
    "train": {
        "mse": 0.06089634820818901
    },
    "epoch": 5,
    "step": 1199,
    "val": {
        "mse": 0.05589791387319565
    }
}
