{
    "train": {
        "mse": 0.05820424109697342
    },
    "epoch": 5,
    "step": 1199,
    "val": {
        "mse": 0.06033921614289284
    }
}
