{
    "train": {
        "mse": 0.06605765968561172
    },
    "epoch": 5,
    "step": 1199,
    "val": {
        "mse": 0.061984557658433914
    }
}
