{
    "train": {
        "mse": 0.06458021700382233
    },
    "epoch": 5,
    "step": 1199,
    "val": {
        "mse": 0.06212262064218521
    }
}
