{
    "train": {
        "mse": 0.056048061698675156
    },
    "epoch": 4,
    "step": 999,
    "val": {
        "mse": 0.059796057641506195
    }
}
