{
    "train": {
        "mse": 0.05874580517411232
    },
    "epoch": 5,
    "step": 1199,
    "val": {
        "mse": 0.059439387172460556
    }
}
