{
    "train": {
        "mse": 0.058740369975566864
    },
    "epoch": 5,
    "step": 1199,
    "val": {
        "mse": 0.05912678316235542
    }
}
