{
    "train": {
        "mse": 0.05886166915297508
    },
    "epoch": 4,
    "step": 999,
    "val": {
        "mse": 0.050042666494846344
    }
}
