{
    "train": {
        "mse": 0.06223127990961075
    },
    "epoch": 5,
    "step": 1199,
    "val": {
        "mse": 0.057274360209703445
    }
}
