{
    "train": {
        "mse": 0.05939424782991409
    },
    "epoch": 4,
    "step": 999,
    "val": {
        "mse": 0.05849972367286682
    }
}
