step	mse
49	0.06066545471549034
99	0.04166213423013687
149	0.0810476690530777
199	0.06334692984819412
249	0.047056645154953
299	0.031360264867544174
349	0.07373617589473724
399	0.060381799936294556
449	0.04573395848274231
499	0.026025956496596336
549	0.08913199603557587
599	0.059269752353429794
649	0.045682430267333984
699	0.02323683351278305
749	0.08981256932020187
799	0.05730137601494789
849	0.04095876216888428
899	0.029914848506450653
949	0.07256820797920227
999	0.056048061698675156
