step	mse
49	0.06924916803836823
99	0.03897685930132866
149	0.08229074627161026
199	0.06093228980898857
249	0.048749230802059174
299	0.03009061887860298
349	0.07120314985513687
399	0.061636388301849365
449	0.05199606344103813
499	0.02442122995853424
549	0.06355281174182892
599	0.061283208429813385
649	0.04840422421693802
699	0.02272195741534233
749	0.06195911392569542
799	0.05868743732571602
849	0.045720234513282776
899	0.021140919998288155
949	0.06048062443733215
999	0.05886166915297508
