step	mse
49	0.0685332864522934
99	0.05885635316371918
149	0.09081746637821198
199	0.06083288788795471
249	0.06000787764787674
299	0.03566582873463631
349	0.07980756461620331
399	0.0596194751560688
449	0.06049558147788048
499	0.03326769545674324
549	0.10372985154390335
599	0.061710696667432785
649	0.056661929935216904
699	0.03217991441488266
749	0.09401116520166397
799	0.06583971530199051
849	0.057003751397132874
899	0.023112960159778595
949	0.08143538981676102
999	0.05939424782991409
